{"cameraMode":{"drawMode":0,"name":"Shaded","section":"Shading Mode"},"sceneLighting":true,"audioPlay":false,"sceneViewState":{"m_AlwaysRefresh":false,"showFog":true,"showSkybox":true,"showFlares":true,"showImageEffects":true,"showParticleSystems":true,"showVisualEffectGraphs":true,"m_FxEnabled":true},"in2DMode":false,"pivot":{"x":59.25408172607422,"y":9.232895851135254,"z":-0.3192494511604309},"rotation":{"x":0.09023541957139969,"y":-0.8600997924804688,"z":0.16344726085662843,"w":0.47467321157455447},"size":10.095396995544434,"orthographic":false}